REGION,POS,REF,ALT,ALT_FREQ_1,ALT_FREQ_2,sample,mutation_type,avg_freq
PB2,1629,G,A,0.06,0.159844,114502002,Syn,0.109922
HA,780,G,A,0.0195567,0.0227642,400603002,Syn,0.02116045
HA,1338,C,T,0.0578592,0.0561522,700601001,Syn,0.0570057
HA,433,G,A,0.00909091,0.00978034,700601001,Non,0.009435625
HA,713,G,A,0.00995025,0.0172597,700601001,Non,0.013604975
HA,765,G,A,0.0626628,0.0607993,700601001,Syn,0.06173105
NS,65,C,T,0.33565,0.363428,700601001,Non,0.349539
NS,658,C,T,0.0116173,0.0335451,700601001,Non,0.0225812
PA,1503,T,C,0.0102834,0.0130964,700601001,Syn,0.0116899
PB1,1439,A,G,0.0629795,0.0371305,700601001,Non,0.050055
PB2,1926,A,G,0.0377493,0.0456693,700601001,Syn,0.0417093
HA,1327,C,A,0.0563607,0.0484293,702403003,Non,0.052395
PB1,1170,G,A,0.0782748,0.117512,702403003,Syn,0.0978934
M,939,T,G,0.0252947,0.0199081,700903002,Non,0.0226014
PB1,1953,G,A,0.0448652,0.0418467,700903002,Syn,0.04335595
PA,1877,A,G,0.149733,0.14631,701301001,Non,0.1480215
PB1,623,A,G,0.0315582,0.0233918,701301001,Non,0.027475
PB2,313,G,C,0.0567376,0.0323488,701301001,Non,0.0445432
HA,1296,T,C,0.0514469,0.0752356,701302006,Syn,0.06334125
HA,335,A,G,0.0439347,0.0132807,701302006,Non,0.0286077
HA,474,A,G,0.0418388,0.0273136,701302006,Syn,0.0345762
NP,1380,G,A,0.015873,0.00747508,701302006,Syn,0.01167404
NS,354,A,G,0.0157017,0.0189073,113601001,Syn,0.0173045
PB2,1058,G,A,0.0798479,0.0728436,113601001,Non,0.07634575
HA,1019,C,A,0.0117324,0.0102222,703102002,Non,0.0109773
HA,510,G,A,0.0110976,0.00880749,703102002,Syn,0.009952545
PA,941,T,C,0.0143443,0.0195925,703102002,Non,0.0169684
PB1,1826,T,C,0.015235,0.0128777,703102002,Non,0.01405635
PB2,2143,A,G,0.0630123,0.0679685,703102002,Non,0.0654904
NP,1199,G,A,0.00522518,0.0071912,704001001,Non,0.00620819
NS,192,C,A,0.0177818,0.0180428,704001001,Syn,0.0179123
NS,535,G,A,0.0226821,0.0255486,704001001,Non,0.02411535
PB1,1550,T,C,0.0421245,0.026693,704001001,Non,0.03440875
PB2,38,T,A,0.329268,0.360049,109902002,Non,0.3446585
M,885,A,G,0.0484199,0.0437272,705401001,Non,0.04607355
NS,335,A,G,0.00747597,0.00708104,705401001,Non,0.007278505
PA,1902,G,A,0.125776,0.131293,705401001,Syn,0.1285345
PB1,2251,G,A,0.0106168,0.016129,705401001,Non,0.0133729
PB2,164,A,G,0.00527241,0.00736648,705401001,Non,0.006319445
PB2,2071,T,C,0.0114606,0.0118333,705401001,Syn,0.01164695
PB2,2087,T,C,0.0107683,0.01153,705401001,Non,0.01114915
PB2,2088,T,C,0.013475,0.0132867,705401001,Syn,0.01338085
PB2,2094,T,C,0.0116648,0.0126822,705401001,Syn,0.0121735
PB2,2123,T,C,0.0119338,0.0154409,705401001,Non,0.01368735
PB2,2166,T,C,0.0154735,0.0179412,705401001,Syn,0.01670735
PB2,2174,T,C,0.0174209,0.0208208,705401001,Non,0.01912085
PB2,2201,T,C,0.0135729,0.0182715,705401001,Non,0.0159222
PB2,301,A,G,0.0605096,0.0662252,705401001,Non,0.0633674
PB2,302,G,T,0.0699362,0.0743019,705401001,Non,0.07211905
PB2,303,G,C,0.0141865,0.0135959,705401001,Non,0.0138912
PB2,323,C,T,0.0420767,0.0412196,705401001,Non,0.04164815
PB2,426,A,G,0.0207207,0.0213415,705401001,Syn,0.0210311
PB2,441,A,C,0.0192809,0.0160609,705401001,Syn,0.0176709
PB2,450,T,A,0.103763,0.114184,705401001,Syn,0.1089735
PB2,549,A,G,0.102549,0.118447,705401001,Syn,0.110498
NP,152,A,G,0.00874548,0.0404722,700603002,Non,0.02460884
PB1,1933,G,A,0.105625,0.124907,700603002,Non,0.115266
PB2,2180,G,A,0.0231798,0.0977543,700603002,Non,0.06046705
HA,1347,C,T,0.311129,0.302561,701202002,Syn,0.306845
PA,1536,G,A,0.0321429,0.0474066,701202002,Syn,0.03977475
PA,1840,A,C,0.424717,0.409034,701202002,Non,0.4168755
PA,1961,A,C,0.00765049,0.00888889,701202002,Non,0.00826969
PB2,137,G,A,0.00823938,0.0115908,701202002,Non,0.00991509
M,825,T,C,0.00682927,0.00819672,700301001,Non,0.007512995
HA,1205,G,A,0.00800557,0.00605741,112901001,Non,0.00703149
HA,365,C,T,0.00557547,0.00652174,112901001,Non,0.006048605
NS,628,G,A,0.0104995,0.0327352,112901001,Non,0.02161735
PB1,1925,A,T,0.0232843,0.0256864,112901001,Non,0.02448535
PB2,1051,A,G,0.00791557,0.0239373,112901001,Non,0.015926435
PB2,122,A,G,0.0367717,0.0288809,112901001,Non,0.0328263
PB2,1308,G,A,0.0905135,0.0854291,112901001,Syn,0.0879713
PB2,1564,C,T,0.00854383,0.00614606,112901001,Non,0.007344945
PB2,67,A,G,0.00745379,0.0116809,112901001,Non,0.009567345
PB2,682,T,C,0.00739176,0.0128866,112901001,Non,0.01013918
PB2,871,G,T,0.0135914,0.0355369,112901001,Non,0.02456415
PB2,872,G,A,0.0133279,0.03429,112901001,Non,0.02380895
M,871,A,G,0.0478896,0.0269953,110101001,Syn,0.03744245
NS,291,A,G,0.156142,0.142729,110101001,Syn,0.1494355
PA,782,T,G,0.0726783,0.0621572,703402003,Non,0.06741775
PB1,1863,G,A,0.437592,0.360566,114503002,Syn,0.399079
HA,1125,G,A,0.014031,0.0226659,110402002,Syn,0.01834845
HA,1557,G,A,0.0108016,0.0209091,110402002,Syn,0.01585535
HA,237,C,T,0.00501737,0.0179344,110402002,Syn,0.011475885
M,862,C,T,0.140762,0.136687,110402002,Syn,0.1387245
PB1,414,G,A,0.0134298,0.0351711,110402002,Syn,0.02430045
PB2,1632,A,G,0.227789,0.228231,110402002,Syn,0.22801
NP,1305,A,G,0.0454007,0.0486322,111501003,Syn,0.04701645
PA,1934,T,C,0.00838323,0.0277186,111501003,Non,0.018050915
PA,2015,T,C,0.00762583,0.0184697,111501003,Non,0.013047765
PB1,513,G,A,0.0143596,0.0139064,111501003,Non,0.014133
PB1,933,A,G,0.00558331,0.0057294,111501003,Syn,0.005656355
HA,1552,A,G,0.146722,0.142274,704203002,Non,0.144498
HA,234,A,G,0.144609,0.157795,704203002,Syn,0.151202
NP,397,C,T,0.0786654,0.0827869,704203002,Syn,0.08072615
PA,2053,G,A,0.0121696,0.0118457,704203002,Non,0.01200765
PB2,2061,A,G,0.0489421,0.0463362,704203002,Syn,0.04763915
HA,688,A,G,0.0163703,0.0118534,703704002,Non,0.01411185
HA,875,G,A,0.00630081,0.00929235,703704002,Non,0.00779658
NP,1130,G,A,0.00555749,0.00962513,703704002,Non,0.00759131
NP,1332,C,T,0.0356763,0.0273381,703704002,Syn,0.0315072
NP,903,A,G,0.253057,0.24044,703704002,Non,0.2467485
PB1,2241,T,C,0.0182336,0.011811,703704002,Syn,0.0150223
PB1,443,A,T,0.0115462,0.0201699,703704002,Non,0.01585805
PB2,1763,C,G,0.182733,0.165138,703704002,Non,0.1739355
PB2,2218,G,A,0.180577,0.110707,703704002,Non,0.145642
PB2,247,G,A,0.0101813,0.00714286,703704002,Non,0.00866208
PA,1341,G,A,0.165323,0.277992,112302002,Syn,0.2216575
PB1,1783,G,T,0.0134116,0.0455801,112302002,Non,0.02949585
PB1,1819,C,T,0.091821,0.0709677,112302002,Non,0.08139435
PB2,1212,C,T,0.472084,0.4594,112302002,Syn,0.465742
PB2,1449,G,A,0.0117647,0.0180772,112302002,Non,0.01492095
PB2,990,T,C,0.00745077,0.0368201,112302002,Syn,0.022135435
NP,195,A,G,0.0971897,0.0683625,700701001,Syn,0.0827761
PA,1984,T,C,0.0181488,0.0290828,700701001,Non,0.0236158
PB2,1995,A,G,0.03233,0.024952,700701001,Syn,0.028641
PB2,1997,C,G,0.0337079,0.0291262,700701001,Non,0.03141705
PB2,2001,T,G,0.0261905,0.028866,700701001,Non,0.02752825
PB2,2004,T,G,0.0261233,0.0265152,700701001,Syn,0.02631925
PB2,2007,A,T,0.0207305,0.0209424,700701001,Syn,0.02083645
PB2,2010,A,T,0.0236686,0.0207972,700701001,Non,0.0222329
PB2,2013,T,G,0.0261375,0.0226481,700701001,Non,0.0243928
M,857,C,T,0.0154394,0.0185185,702501001,Non,0.01697895
NS,580,G,A,0.292636,0.18018,702501001,Non,0.236408
HA,237,C,T,0.0110333,0.00566185,700103003,Syn,0.008347575
M,869,A,G,0.00625749,0.00552165,700103003,Non,0.00588957
PB2,1239,A,G,0.290087,0.341685,700103003,Syn,0.315886
PB2,1350,A,G,0.00590129,0.0101308,700103003,Syn,0.008016045
PB2,2012,A,G,0.0139921,0.018967,700103003,Non,0.01647955
PB2,576,A,G,0.0103918,0.0062998,700103003,Syn,0.0083458
PA,1341,A,G,0.0147194,0.0202674,112301001,Syn,0.0174934
PB2,1212,T,C,0.0198727,0.0212668,112301001,Syn,0.02056975
HA,35,G,A,0.377551,0.283124,113004005,Non,0.3303375
HA,1121,C,T,0.00708292,0.00511225,110102002,Non,0.006097585
HA,80,C,T,0.00523416,0.0111962,110102002,Non,0.00821518
HA,99,C,T,0.00601069,0.00612053,110102002,Syn,0.00606561
NS,632,G,A,0.00549689,0.00687649,110102002,Non,0.00618669
PA,1756,C,T,0.00788675,0.00843712,110102002,Non,0.008161935
PA,1953,A,G,0.0564577,0.0814775,110102002,Syn,0.0689676
PB2,199,G,A,0.00926735,0.00778066,110102002,Non,0.008524005
HA,96,G,A,0.0118884,0.00788146,701401001,Syn,0.00988493
NP,450,G,A,0.116421,0.102833,701401001,Syn,0.109627
PB2,1201,G,T,0.0168,0.0126036,701401001,Non,0.0147018
PB2,208,A,G,0.0217809,0.0282407,701401001,Non,0.0250108
M,892,A,G,0.0120333,0.0152084,112102002,Syn,0.01362085
NP,1206,T,G,0.020352,0.0203252,112102002,Syn,0.0203386
NP,808,G,A,0.434091,0.422772,112102002,Non,0.4284315
PA,1777,G,T,0.0224319,0.0224511,112102002,Non,0.0224415
PA,1847,C,T,0.00774386,0.00561224,112102002,Non,0.00667805
PB1,1056,A,G,0.185082,0.182443,112102002,Syn,0.1837625
PB1,1674,G,A,0.0131814,0.0113411,112102002,Syn,0.01226125
PB1,374,G,A,0.00721189,0.00655738,112102002,Non,0.006884635
PB2,1554,C,T,0.00617773,0.00727371,112102002,Syn,0.00672572
PB2,187,A,C,0.0897976,0.107912,112102002,Non,0.0988548
PB2,2092,G,A,0.00624756,0.00565131,112102002,Non,0.005949435
PB2,311,C,A,0.00726207,0.00543951,112102002,Non,0.00635079
PB2,415,G,A,0.00600711,0.00638978,112102002,Non,0.006198445
PB2,608,T,C,0.0188131,0.020673,112102002,Non,0.01974305
PB1,1196,G,A,0.0450704,0.0758197,109901001,Non,0.06044505
NP,1053,A,G,0.00803898,0.00952381,703703002,Syn,0.008781395
NP,318,G,A,0.00701944,0.00936262,703703002,Syn,0.00819103
PA,1311,C,T,0.0211082,0.0272408,703703002,Syn,0.0241745
PB1,918,C,T,0.0102329,0.0118554,703703002,Syn,0.01104415
PB2,1698,G,T,0.00968032,0.00517598,703703002,Non,0.00742815
HA,1080,G,T,0.0145736,0.0155076,111904002,Non,0.0150406
NP,1030,T,C,0.0643409,0.0339825,111904002,Syn,0.0491617
PA,1394,T,C,0.0105744,0.00549915,111904002,Non,0.008036775
PA,2002,A,T,0.0946872,0.0667088,111904002,Non,0.080698
PA,2006,T,C,0.0901372,0.0641108,111904002,Non,0.077124
PB1,1840,G,A,0.013535,0.0206954,111904002,Non,0.0171152
PB2,2019,C,T,0.00636717,0.00524869,111904002,Syn,0.00580793
PB2,215,A,G,0.00503096,0.00530726,111904002,Non,0.00516911
HA,280,G,A,0.068347,0.0481348,700401001,Non,0.0582409
PA,1122,G,T,0.0389326,0.0288509,700401001,Non,0.03389175
PA,1626,C,T,0.10041,0.0889097,700401001,Syn,0.09465985
PB2,1710,G,T,0.0100381,0.0122288,700401001,Non,0.01113345
HA,120,G,T,0.0202224,0.0334008,107603005,Syn,0.0268116
M,822,G,A,0.0364347,0.038674,704202002,Non,0.03755435
NP,62,A,G,0.0417671,0.0482921,704202002,Non,0.0450296
PB2,2023,T,C,0.0153173,0.0153785,704202002,Syn,0.0153479
HA,897,T,C,0.00561587,0.00729262,700101001,Syn,0.006454245
PA,1581,C,A,0.0861244,0.0722892,700101001,Syn,0.0792068
PB2,1832,A,G,0.0527018,0.02457,700101001,Non,0.0386359
M,769,T,A,0.00621118,0.00807203,202701001,Syn,0.007141605
NP,471,T,A,0.0107317,0.0145396,202701001,Syn,0.01263565
PB1,1929,T,C,0.0192547,0.0150309,202701001,Syn,0.0171428
PB1,510,G,A,0.00875753,0.0295276,202701001,Syn,0.019142565
PB2,360,C,T,0.0333154,0.0178029,202701001,Syn,0.02555915
PB2,739,G,A,0.0103508,0.0101289,202701001,Non,0.01023985
NS,96,C,T,0.398234,0.523902,701802003,Syn,0.461068
PB1,1767,G,A,0.469231,0.478681,701802003,Syn,0.473956
HA,816,T,G,0.00531091,0.00776502,110701001,Syn,0.006537965
NP,684,A,G,0.157613,0.149347,110701001,Syn,0.15348
PA,1820,T,A,0.0344262,0.0571749,110701001,Non,0.04580055
PB2,1752,C,T,0.0129463,0.0230961,110701001,Syn,0.0180212
PB1,678,G,A,0.00547228,0.00585774,400602005,Syn,0.00566501
NS,54,C,A,0.333661,0.298132,111505001,Syn,0.3158965
HA,1203,C,A,0.0418768,0.0410256,704003003,Syn,0.0414512
HA,1258,G,A,0.0267274,0.0247659,704003003,Non,0.02574665
HA,438,C,A,0.0247467,0.0253646,704003003,Syn,0.02505565
M,869,A,G,0.00588019,0.00608643,704003003,Non,0.00598331
PA,1055,A,G,0.0525937,0.0406091,704003003,Non,0.0466014
PA,1449,C,T,0.0343886,0.0326087,704003003,Syn,0.03349865
PB1,1923,C,T,0.376164,0.371862,704003003,Syn,0.374013
PB2,2191,G,A,0.0290023,0.0249703,701701001,Non,0.0269863
HA,1468,G,A,0.0235312,0.0199259,112902002,Non,0.02172855
PB1,1767,A,G,0.0148178,0.0164671,112902002,Syn,0.01564245
PB1,544,A,C,0.0312614,0.0288379,112902002,Non,0.03004965
PB1,616,G,T,0.0430876,0.0405695,112902002,Non,0.04182855
NP,847,C,T,0.00838202,0.00816549,701703002,Non,0.008273755
NS,273,T,C,0.00868531,0.0140059,701703002,Syn,0.011345605
PB1,1553,A,G,0.0809465,0.0457884,701703002,Non,0.06336745
PB2,1729,T,G,0.00819859,0.00678829,701703002,Non,0.00749344
HA,787,A,T,0.0171278,0.0160235,700602002,Non,0.01657565
PB2,1137,A,G,0.00611621,0.0096238,700602002,Syn,0.007870005
PB2,2122,T,C,0.10097,0.0785627,700602002,Syn,0.08976635
PB2,615,C,T,0.0177715,0.0105965,700602002,Syn,0.014184
PB2,906,G,A,0.0492349,0.0845133,700602002,Syn,0.0668741
HA,1281,A,G,0.00912839,0.00753379,703903003,Syn,0.00833109
HA,1330,C,T,0.0823726,0.082774,703903003,Non,0.0825733
HA,1493,G,A,0.00512295,0.00613318,703903003,Non,0.005628065
HA,531,T,C,0.00758769,0.00723712,703903003,Syn,0.007412405
HA,973,G,A,0.00919336,0.00808875,703903003,Non,0.008641055
M,871,A,G,0.19253,0.192448,703903003,Syn,0.192489
NP,301,G,A,0.0158148,0.0174703,703903003,Non,0.01664255
NS,309,C,T,0.00897436,0.00548876,703903003,Syn,0.00723156
PA,1263,C,A,0.00558243,0.0085003,703903003,Syn,0.007041365
PA,1350,G,A,0.0184434,0.0124766,703903003,Syn,0.01546
PB1,1390,G,A,0.0111252,0.00981912,703903003,Non,0.01047216
PB1,954,T,C,0.039604,0.0369748,703903003,Syn,0.0382894
PB2,1491,C,T,0.00849443,0.0117012,703903003,Syn,0.010097815
PB2,454,G,A,0.0101928,0.0137516,703903003,Non,0.0119722
PB2,499,G,A,0.0127002,0.0111732,703903003,Non,0.0119367
HA,1249,G,A,0.00792171,0.00850709,111601001,Non,0.0082144
HA,1295,C,T,0.00712733,0.00664622,111601001,Non,0.006886775
HA,169,G,C,0.0241873,0.0191914,111601001,Non,0.02168935
HA,261,G,A,0.00659971,0.0117371,111601001,Syn,0.009168405
M,897,A,T,0.0121692,0.0118083,111601001,Non,0.01198875
NP,1298,C,T,0.0304569,0.0326872,111601001,Non,0.03157205
NS,212,G,A,0.00575816,0.00698634,111601001,Non,0.00637225
PA,1842,T,C,0.0237751,0.0089748,111601001,Syn,0.01637495
PB1,1506,G,A,0.00687787,0.00857569,111601001,Syn,0.00772678
PB1,1764,A,G,0.0134149,0.0167677,111601001,Syn,0.0150913
PB1,2105,G,A,0.0193201,0.0212934,111601001,Non,0.02030675
PB1,2110,T,G,0.0192024,0.0209321,111601001,Non,0.02006725
PB1,2111,C,G,0.0194008,0.0206842,111601001,Non,0.0200425
PB1,414,G,A,0.0054326,0.0070028,111601001,Syn,0.0062177
PB2,1677,T,A,0.00959843,0.00549451,111601001,Syn,0.00754647
PB2,2158,G,A,0.0114108,0.0074813,111601001,Non,0.00944605
HA,1230,G,A,0.0408436,0.0476547,400601001,Syn,0.04424915
M,735,G,A,0.00862069,0.00857098,400601001,Non,0.008595835
M,900,C,T,0.0325407,0.0111301,400601001,Non,0.0218354
NS,536,G,A,0.0175921,0.00673563,400601001,Non,0.012163865
PB2,1281,G,T,0.0758755,0.0536797,400601001,Syn,0.0647776
PB2,1926,A,G,0.0286561,0.0285842,400601001,Syn,0.02862015
PB2,2210,G,A,0.00644917,0.00594256,400601001,Non,0.006195865
PB2,837,T,C,0.018427,0.0165009,702303002,Syn,0.01746395
PB2,875,C,T,0.00638345,0.00612156,702303002,Non,0.006252505
NS,201,G,A,0.0497449,0.0242326,703901001,Syn,0.03698875
HA,1696,A,G,0.0160067,0.0206319,113003004,Non,0.0183193
HA,209,G,A,0.0077126,0.0126793,113003004,Non,0.01019595
HA,682,G,A,0.0068065,0.0109176,113003004,Non,0.00886205
PA,1638,A,G,0.0264597,0.018725,113003004,Syn,0.02259235
PB2,1923,G,A,0.00559963,0.00541272,113003004,Syn,0.005506175
PB2,24,G,A,0.0942623,0.0888779,113003004,Syn,0.0915701
HA,686,T,C,0.0288441,0.0244253,111901001,Non,0.0266347
HA,745,T,C,0.0352237,0.0247324,111901001,Non,0.02997805
HA,758,T,C,0.0326453,0.0237842,111901001,Non,0.02821475
HA,773,T,C,0.0343909,0.0245098,111901001,Non,0.02945035
HA,800,T,C,0.0373717,0.0264271,111901001,Non,0.0318994
HA,848,T,C,0.0325081,0.0241815,111901001,Non,0.0283448
HA,870,T,C,0.0363186,0.0230516,111901001,Syn,0.0296851
HA,879,T,C,0.036283,0.0240538,111901001,Syn,0.0301684
NP,160,G,A,0.0514756,0.0513881,111901001,Non,0.05143185
NP,235,C,T,0.0282486,0.016188,111901001,Syn,0.0222183
NP,924,A,G,0.0841353,0.0783009,111901001,Syn,0.0812181
NS,82,A,G,0.00529661,0.00958977,111901001,Non,0.00744319
PB1,1157,G,A,0.0356893,0.0424051,111901001,Non,0.0390472
PB2,1818,A,G,0.0058838,0.0106701,111901001,Syn,0.00827695
PB2,199,G,A,0.0119376,0.0163244,111901001,Non,0.014131
PB2,2142,T,C,0.0104927,0.0164057,111901001,Syn,0.0134492
HA,722,A,G,0.0103761,0.00539531,700402002,Non,0.007885705
NP,996,A,T,0.0181257,0.011437,700402002,Syn,0.01478135
PB1,1402,A,G,0.0117442,0.0132664,700402002,Non,0.0125053
M,933,A,G,0.00985707,0.0108499,111902002,Non,0.010353485
NS,617,G,T,0.00943156,0.0135747,111902002,Non,0.01150313
PA,2096,G,A,0.024012,0.0108696,111902002,Non,0.0174408
PB2,1062,G,A,0.298007,0.374795,111902002,Non,0.336401
HA,838,A,G,0.282078,0.0269939,111603006,Non,0.15453595
PA,255,A,T,0.0452418,0.0420741,700601001,Syn,0.04365795
PB1,201,C,T,0.00837277,0.0132902,701302006,Non,0.010831485
PB1,358,G,T,0.0102599,0.00697016,113601001,Non,0.00861503
PB1,338,C,T,0.0494245,0.0466409,703102002,Non,0.0480327
PB1,282,A,T,0.0388519,0.0472441,704001001,Non,0.043048
PB1,248,C,G,0.00986066,0.00596734,705401001,Non,0.007914
PB1,252,A,G,0.0102802,0.00602954,705401001,Non,0.00815487
PB1,262,G,A,0.00885827,0.00558495,705401001,Non,0.00722161
PB1,265,C,G,0.00900196,0.00529412,705401001,Non,0.00714804
PB1,271,G,A,0.00678952,0.00531601,705401001,Non,0.006052765
PB1,274,A,T,0.0087077,0.00542005,705401001,Non,0.007063875
PA,234,A,G,0.0205859,0.0191732,701202002,Non,0.01987955
PA,294,T,C,0.0713224,0.0854271,701202002,Syn,0.07837475
PA,298,G,T,0.0398162,0.0340064,701202002,Non,0.0369113
PA,191,A,G,0.132679,0.122671,704203002,Non,0.127675
PB1,358,G,C,0.0283097,0.0611321,703704002,Non,0.0447209
PA,638,G,A,0.0126965,0.0243243,701401001,Non,0.0185104
PA,96,C,T,0.156103,0.14454,701401001,Syn,0.1503215
PB1,200,A,G,0.00903268,0.0104402,112102002,Non,0.00973644
PA,397,G,A,0.00667976,0.0101646,700401001,Non,0.00842218
PA,535,A,G,0.0505593,0.039126,700401001,Non,0.04484265
PA,456,G,A,0.0186916,0.0198675,700101001,Syn,0.01927955
PA,654,T,C,0.0451022,0.0523364,110701001,Non,0.0487193
PA,705,A,G,0.0101725,0.00837457,400602005,Non,0.009273535
PA,35,T,C,0.0464636,0.0602716,704003003,Non,0.0533676
PA,663,G,A,0.00700165,0.00820232,112902002,Non,0.007601985
PA,398,A,G,0.117987,0.142462,701703002,Non,0.1302245
PA,282,C,T,0.0330739,0.0184438,700602002,Syn,0.02575885
PA,197,A,G,0.021118,0.0294118,702303002,Non,0.0252649
PA,390,T,G,0.0719274,0.0840108,702303002,Non,0.0779691
PA,56,A,G,0.015625,0.0127042,702303002,Non,0.0141646
PA,228,T,C,0.0190543,0.0186916,111901001,Syn,0.01887295
PA,229,G,A,0.0200286,0.0190736,111901001,Non,0.0195511
PA,231,A,T,0.019551,0.0190736,111901001,Non,0.0193123
PA,372,G,C,0.032888,0.0561122,111902002,Non,0.0445001